{
    "accuracy": 0.7466442953020134,
    "precision": 0.7297106563161609,
    "recall": 0.7354196301564723,
    "f1_score": 0.732554020545519,
    "auc": 0.8387985055877787
}